StageTemperatureSum0,105.49176373598962
StageTemperatureSum1,371.37024198708286
StageTemperatureSum2,589.75914241010605
StageTemperatureSum3,152.34683823544725
StageTemperatureSum4,474.76007066465047
